ingredients	primary cooking method	cooking methods	cooking tools
Team 14	0	0	0	0
Team 14	0	0	0	0
Team 14	0	0	0	0
Team 14	0	0	0	0
Team 14	0	0	0	0
Team 14	0	0	0	0
Team 14	0	0	0	0
Team 14	0	0	0	0
Team 14	0.25925925925925924	1	0.0	0.5555555555555556
Team 14	0.25925925925925924	1	0.0	0.5555555555555556
